switchID_t, port1_enq_qdepth0, port1_enq_qdepth1, port2_enq_qdepth0, port2_enq_qdepth1, port3_enq_qdepth0, port3_enq_qdepth1, port4_enq_qdepth0, port4_enq_qdepth1
3, 0, 0, 0, 0, 0, 0, 0, 0
5, 0, 0, 0, 0, 0, 0, 0, 0
1, 5, 0, 0, 0, 0, 0, 0, 0
3, 0, 0, 0, 0, 0, 0, 0, 0
5, 0, 0, 0, 0, 0, 0, 0, 0
1, 5, 0, 0, 0, 0, 0, 0, 0
3, 0, 0, 0, 0, 0, 0, 0, 0
5, 0, 0, 0, 0, 0, 0, 0, 0
1, 5, 0, 0, 0, 0, 0, 0, 0
3, 0, 0, 0, 0, 0, 0, 0, 0
5, 0, 0, 0, 0, 0, 0, 0, 0
1, 5, 0, 0, 0, 0, 0, 0, 0
3, 0, 0, 0, 0, 0, 0, 0, 0
5, 0, 0, 0, 0, 0, 0, 0, 0
1, 0, 0, 0, 0, 0, 0, 0, 0
3, 0, 0, 0, 0, 0, 0, 0, 0
5, 0, 0, 0, 0, 0, 0, 0, 0
1, 0, 0, 0, 0, 0, 0, 0, 0
3, 0, 0, 0, 0, 0, 0, 0, 0
5, 0, 0, 0, 0, 0, 0, 0, 0
1, 0, 1, 0, 0, 0, 0, 0, 0
3, 0, 0, 0, 0, 0, 0, 0, 0
5, 0, 0, 0, 0, 0, 0, 0, 0
1, 0, 0, 0, 0, 0, 0, 0, 0
3, 0, 0, 0, 0, 0, 0, 0, 0
5, 0, 0, 0, 0, 0, 0, 0, 0
1, 1, 0, 0, 0, 0, 0, 0, 0
3, 0, 0, 0, 0, 0, 0, 0, 0
5, 0, 1, 0, 0, 0, 0, 0, 0
1, 0, 0, 0, 0, 0, 0, 0, 0
3, 0, 0, 0, 0, 0, 0, 0, 0
5, 0, 0, 0, 0, 0, 0, 0, 0
1, 0, 0, 0, 0, 0, 0, 0, 0
3, 0, 0, 0, 0, 0, 0, 0, 0
5, 0, 0, 0, 0, 0, 0, 0, 0
1, 0, 2, 0, 0, 0, 0, 0, 0
3, 0, 0, 0, 0, 0, 0, 0, 0
5, 1, 0, 0, 0, 0, 0, 0, 0
1, 3, 4, 0, 0, 0, 0, 0, 0
3, 0, 0, 0, 0, 0, 0, 0, 0
5, 0, 0, 0, 0, 0, 0, 0, 0
1, 0, 0, 0, 0, 0, 0, 0, 0
3, 0, 0, 0, 0, 0, 0, 0, 0
5, 0, 0, 0, 0, 0, 0, 0, 0
1, 0, 1, 0, 0, 0, 0, 0, 0
3, 0, 0, 0, 0, 0, 0, 0, 0
5, 0, 0, 0, 0, 0, 0, 0, 0
1, 1, 0, 0, 0, 0, 0, 0, 0
3, 0, 0, 0, 0, 0, 0, 0, 0
5, 0, 0, 0, 0, 0, 0, 0, 0
1, 1, 2, 0, 0, 0, 1, 0, 0
3, 0, 0, 0, 0, 0, 0, 0, 0
5, 0, 0, 0, 0, 0, 0, 0, 0
1, 0, 0, 0, 0, 0, 1, 0, 0
3, 0, 0, 1, 0, 0, 0, 0, 0
5, 0, 2, 0, 0, 0, 0, 0, 0
1, 0, 0, 0, 0, 1, 0, 0, 0
3, 0, 0, 0, 0, 0, 0, 0, 0
5, 0, 0, 0, 0, 0, 0, 0, 0
1, 0, 0, 0, 0, 0, 1, 0, 0
3, 0, 0, 1, 0, 0, 0, 0, 0
5, 0, 0, 0, 0, 0, 0, 0, 0
1, 1, 0, 1, 1, 0, 1, 0, 0
3, 0, 0, 0, 1, 0, 0, 0, 0
5, 0, 0, 0, 0, 0, 0, 0, 0
1, 0, 0, 0, 0, 0, 1, 0, 0
3, 0, 0, 0, 0, 0, 0, 0, 0
5, 0, 0, 0, 0, 0, 0, 0, 0
1, 2, 1, 0, 0, 1, 0, 0, 0
3, 0, 0, 0, 0, 0, 0, 0, 0
5, 0, 0, 0, 0, 0, 0, 0, 0
1, 1, 0, 0, 0, 0, 0, 0, 0
3, 0, 0, 0, 0, 0, 0, 0, 0
5, 0, 0, 0, 0, 0, 0, 0, 0
1, 0, 0, 0, 0, 0, 0, 0, 0
3, 0, 0, 0, 0, 0, 0, 0, 0
5, 0, 0, 0, 0, 0, 0, 0, 0
1, 0, 0, 0, 0, 0, 0, 0, 0
3, 0, 0, 0, 0, 0, 0, 0, 0
5, 0, 0, 0, 0, 0, 0, 0, 0
1, 0, 2, 3, 2, 1, 1, 0, 0
3, 0, 0, 0, 0, 0, 0, 0, 0
5, 0, 0, 0, 0, 0, 0, 0, 0
1, 0, 0, 0, 0, 0, 0, 0, 0
3, 0, 0, 0, 0, 0, 0, 0, 0
5, 0, 0, 0, 0, 0, 0, 0, 0
1, 1, 0, 0, 0, 0, 0, 0, 0
3, 0, 0, 1, 0, 0, 0, 0, 0
5, 0, 0, 0, 0, 0, 0, 0, 0
1, 0, 0, 0, 0, 0, 1, 0, 0
3, 0, 0, 0, 0, 0, 0, 0, 0
5, 0, 0, 0, 0, 0, 0, 0, 0
1, 0, 0, 0, 0, 0, 0, 0, 0
3, 0, 0, 0, 0, 0, 0, 0, 0
5, 0, 0, 0, 0, 0, 0, 0, 0
1, 0, 0, 0, 0, 0, 0, 0, 0
3, 0, 0, 0, 0, 0, 0, 0, 0
5, 0, 0, 0, 0, 0, 0, 0, 0
1, 0, 0, 0, 0, 0, 0, 0, 0
3, 0, 0, 1, 0, 0, 0, 0, 0
5, 0, 0, 1, 0, 0, 0, 0, 0
1, 0, 0, 0, 0, 0, 3, 0, 0
3, 0, 0, 0, 0, 0, 0, 0, 0
5, 0, 0, 0, 0, 0, 0, 0, 0
1, 0, 0, 0, 0, 0, 0, 0, 0
3, 0, 0, 1, 0, 0, 0, 0, 0
5, 0, 0, 1, 0, 0, 0, 0, 0
1, 0, 0, 1, 0, 0, 1, 0, 0
3, 0, 0, 1, 0, 0, 0, 0, 0
5, 0, 0, 1, 0, 0, 0, 0, 0
1, 1, 2, 0, 0, 0, 0, 0, 0
3, 0, 0, 0, 0, 0, 0, 0, 0
5, 0, 0, 0, 0, 0, 0, 0, 0
1, 0, 0, 0, 0, 0, 0, 0, 0
3, 0, 0, 0, 0, 0, 0, 0, 0
5, 0, 0, 0, 0, 0, 0, 0, 0
1, 0, 0, 0, 0, 0, 0, 0, 0
3, 0, 0, 0, 0, 0, 0, 0, 0
5, 0, 0, 0, 0, 0, 0, 0, 0
1, 0, 0, 0, 0, 0, 0, 0, 0
3, 0, 0, 0, 0, 0, 0, 0, 0
5, 0, 0, 0, 0, 0, 0, 0, 0
1, 0, 0, 0, 0, 0, 0, 0, 0
3, 0, 0, 0, 0, 0, 0, 0, 0
5, 0, 0, 0, 0, 0, 0, 0, 0
1, 0, 0, 0, 0, 0, 0, 0, 0
3, 0, 0, 0, 0, 0, 0, 0, 0
5, 0, 0, 0, 0, 0, 0, 0, 0
1, 0, 0, 0, 0, 0, 0, 0, 0
3, 0, 0, 0, 0, 0, 0, 0, 0
5, 0, 0, 0, 0, 0, 0, 0, 0
1, 0, 0, 0, 0, 0, 0, 0, 0
3, 0, 0, 0, 0, 0, 0, 0, 0
5, 0, 0, 0, 0, 0, 0, 0, 0
1, 1, 1, 0, 0, 0, 0, 0, 0
3, 0, 0, 0, 0, 0, 0, 0, 0
5, 0, 0, 1, 0, 0, 0, 0, 0
1, 1, 1, 1, 0, 0, 0, 0, 0
3, 0, 0, 0, 0, 0, 0, 0, 0
5, 0, 0, 0, 0, 0, 0, 0, 0
1, 0, 0, 0, 0, 0, 0, 0, 0
3, 0, 0, 0, 0, 0, 0, 0, 0
5, 0, 0, 0, 0, 0, 0, 0, 0
1, 0, 0, 0, 0, 0, 0, 0, 0
3, 0, 0, 0, 0, 0, 0, 0, 0
5, 0, 0, 0, 0, 0, 0, 0, 0
1, 0, 0, 0, 0, 0, 0, 0, 0
3, 0, 0, 0, 0, 0, 0, 0, 0
5, 0, 0, 0, 0, 0, 0, 0, 0
1, 0, 0, 0, 0, 0, 0, 0, 0
3, 0, 0, 1, 0, 0, 0, 0, 0
5, 0, 0, 0, 0, 0, 0, 0, 0
1, 0, 2, 0, 0, 0, 0, 0, 0
3, 0, 0, 0, 0, 0, 0, 0, 0
5, 0, 0, 0, 0, 0, 0, 0, 0
1, 0, 1, 0, 0, 0, 0, 0, 0
3, 0, 0, 0, 0, 0, 0, 0, 0
5, 0, 0, 0, 0, 0, 0, 0, 0
1, 5, 1, 0, 0, 0, 0, 0, 0
3, 0, 0, 0, 0, 0, 0, 0, 0
5, 0, 0, 0, 0, 0, 0, 0, 0
1, 0, 0, 0, 0, 0, 0, 0, 0
3, 0, 0, 0, 0, 0, 0, 0, 0
5, 0, 0, 0, 0, 0, 0, 0, 0
1, 0, 0, 0, 0, 0, 0, 0, 0
3, 0, 0, 0, 0, 0, 0, 0, 0
5, 0, 1, 0, 0, 0, 0, 0, 0
1, 1, 0, 0, 0, 0, 2, 0, 0
3, 0, 0, 1, 0, 0, 0, 0, 0
5, 0, 0, 0, 0, 0, 0, 0, 0
1, 1, 0, 1, 0, 1, 2, 0, 0
3, 0, 0, 0, 0, 0, 0, 0, 0
5, 0, 0, 0, 0, 0, 0, 0, 0
1, 4, 3, 0, 0, 0, 1, 0, 0
3, 0, 0, 0, 0, 0, 0, 0, 0
5, 0, 0, 0, 0, 0, 0, 0, 0
1, 0, 0, 1, 0, 1, 1, 0, 0
3, 0, 0, 0, 0, 0, 0, 0, 0
5, 0, 0, 0, 0, 0, 0, 0, 0
1, 0, 0, 0, 0, 0, 0, 0, 0
3, 0, 0, 1, 0, 0, 0, 0, 0
5, 0, 1, 1, 0, 0, 0, 0, 0
1, 2, 0, 0, 0, 0, 0, 0, 0
3, 0, 0, 0, 0, 0, 0, 0, 0
5, 0, 0, 0, 0, 0, 0, 0, 0
1, 0, 1, 0, 0, 0, 0, 0, 0
3, 0, 0, 1, 0, 0, 0, 0, 0
5, 0, 0, 1, 0, 0, 0, 0, 0
1, 2, 0, 0, 0, 0, 0, 0, 0
3, 0, 0, 0, 0, 0, 0, 0, 0
5, 0, 0, 0, 0, 0, 0, 0, 0
1, 0, 0, 0, 0, 0, 0, 0, 0
3, 0, 0, 0, 0, 0, 0, 0, 0
5, 0, 0, 0, 0, 0, 0, 0, 0
1, 0, 0, 0, 0, 0, 0, 0, 0
3, 0, 0, 0, 0, 0, 0, 0, 0
5, 0, 0, 0, 0, 0, 0, 0, 0
1, 0, 0, 0, 0, 0, 1, 0, 0
3, 0, 0, 0, 0, 0, 0, 0, 0
5, 0, 0, 0, 0, 0, 0, 0, 0
1, 0, 1, 0, 0, 0, 0, 0, 0
3, 0, 0, 0, 0, 0, 0, 0, 0
5, 0, 0, 0, 0, 0, 0, 0, 0
1, 0, 1, 0, 0, 0, 2, 0, 0
3, 0, 0, 0, 0, 0, 0, 0, 0
5, 0, 0, 0, 0, 0, 0, 0, 0
1, 0, 1, 0, 0, 0, 0, 0, 0
3, 0, 0, 0, 0, 0, 0, 0, 0
5, 0, 0, 0, 0, 0, 0, 0, 0
1, 0, 0, 1, 0, 0, 0, 0, 0
3, 0, 0, 0, 0, 0, 0, 0, 0
5, 0, 0, 0, 0, 0, 0, 0, 0
1, 0, 0, 0, 0, 0, 0, 0, 0
3, 0, 0, 0, 0, 0, 0, 0, 0
5, 0, 0, 0, 0, 0, 0, 0, 0
1, 0, 1, 0, 0, 0, 0, 0, 0
3, 0, 0, 0, 0, 0, 0, 0, 0
5, 0, 0, 0, 0, 0, 0, 0, 0
1, 0, 0, 0, 0, 0, 1, 0, 0
3, 0, 0, 0, 0, 0, 0, 0, 0
5, 0, 0, 0, 0, 0, 0, 0, 0
1, 0, 0, 1, 0, 0, 0, 0, 0
3, 0, 0, 0, 0, 0, 0, 0, 0
5, 0, 0, 0, 0, 0, 0, 0, 0
1, 0, 0, 0, 0, 0, 0, 0, 0
3, 0, 0, 0, 0, 0, 0, 0, 0
5, 0, 0, 0, 0, 0, 0, 0, 0
1, 0, 0, 0, 0, 0, 0, 0, 0
3, 0, 0, 0, 0, 0, 0, 0, 0
5, 0, 0, 0, 0, 0, 0, 0, 0
1, 0, 1, 0, 0, 0, 0, 0, 0
3, 0, 0, 0, 0, 0, 0, 0, 0
5, 0, 0, 0, 0, 0, 0, 0, 0
1, 0, 0, 0, 0, 0, 0, 0, 0
3, 0, 0, 1, 0, 0, 0, 0, 0
5, 0, 0, 0, 0, 0, 0, 0, 0
1, 0, 1, 0, 0, 0, 0, 0, 0
3, 0, 0, 0, 0, 0, 0, 0, 0
5, 0, 0, 1, 0, 0, 0, 0, 0
1, 0, 1, 0, 0, 0, 0, 0, 0
3, 0, 0, 0, 0, 0, 0, 0, 0
5, 0, 0, 0, 0, 0, 0, 0, 0
1, 0, 0, 0, 0, 1, 2, 0, 0
3, 0, 0, 0, 0, 0, 0, 0, 0
5, 0, 0, 0, 0, 0, 0, 0, 0
1, 0, 0, 0, 0, 0, 0, 0, 0
3, 0, 0, 2, 1, 0, 0, 0, 0
5, 0, 0, 3, 1, 0, 0, 0, 0
1, 4, 5, 0, 1, 0, 0, 0, 0
3, 0, 1, 0, 0, 0, 0, 0, 0
5, 1, 0, 0, 0, 0, 0, 0, 0
1, 0, 0, 0, 0, 1, 0, 0, 0
3, 0, 0, 0, 0, 0, 0, 0, 0
5, 0, 0, 0, 0, 0, 0, 0, 0
1, 0, 0, 0, 0, 0, 0, 0, 0
3, 0, 0, 0, 0, 0, 0, 0, 0
5, 0, 0, 0, 0, 0, 0, 0, 0
1, 0, 1, 0, 0, 0, 0, 0, 0
3, 0, 0, 0, 0, 0, 0, 0, 0
5, 0, 0, 0, 0, 0, 0, 0, 0
1, 0, 0, 0, 0, 0, 0, 0, 0
3, 0, 0, 0, 0, 0, 0, 0, 0
5, 0, 0, 0, 0, 0, 0, 0, 0
1, 0, 2, 0, 0, 0, 1, 0, 0
3, 0, 0, 0, 0, 0, 0, 0, 0
5, 0, 0, 0, 0, 0, 0, 0, 0
1, 0, 0, 0, 0, 0, 0, 0, 0
3, 0, 0, 0, 0, 0, 0, 0, 0
5, 0, 0, 0, 0, 0, 0, 0, 0
1, 0, 0, 0, 0, 0, 1, 0, 0
3, 0, 0, 0, 0, 0, 0, 0, 0
5, 0, 0, 0, 0, 0, 0, 0, 0
1, 3, 1, 0, 0, 0, 0, 0, 0
3, 0, 0, 0, 0, 0, 0, 0, 0
5, 0, 0, 0, 0, 0, 0, 0, 0
1, 0, 0, 0, 0, 0, 0, 0, 0
3, 0, 0, 0, 0, 0, 0, 0, 0
5, 0, 0, 1, 0, 0, 0, 0, 0
1, 3, 0, 0, 0, 0, 0, 0, 0
3, 0, 0, 1, 0, 0, 0, 0, 0
5, 0, 0, 1, 0, 0, 0, 0, 0
1, 0, 0, 0, 0, 0, 0, 0, 0
3, 0, 0, 0, 0, 0, 0, 0, 0
5, 0, 0, 0, 0, 0, 0, 0, 0
1, 0, 2, 0, 0, 0, 0, 0, 0
3, 0, 0, 0, 0, 0, 0, 0, 0
5, 0, 0, 0, 0, 0, 0, 0, 0
1, 0, 0, 0, 0, 1, 0, 0, 0
3, 0, 0, 0, 0, 0, 0, 0, 0
5, 0, 0, 0, 0, 0, 0, 0, 0
1, 0, 0, 0, 0, 0, 0, 0, 0
3, 0, 0, 0, 0, 0, 0, 0, 0
5, 0, 0, 0, 0, 0, 0, 0, 0
1, 0, 0, 0, 0, 0, 0, 0, 0
3, 0, 0, 0, 0, 0, 0, 0, 0
5, 0, 0, 0, 0, 0, 0, 0, 0
1, 0, 2, 0, 0, 0, 0, 0, 0
3, 0, 0, 0, 0, 0, 0, 0, 0
5, 0, 0, 1, 0, 0, 0, 0, 0
1, 0, 0, 0, 0, 0, 0, 0, 0
3, 0, 0, 1, 0, 0, 0, 0, 0
5, 0, 0, 0, 0, 0, 0, 0, 0
1, 0, 0, 0, 0, 1, 2, 0, 0
3, 0, 0, 2, 1, 0, 0, 0, 0
5, 0, 0, 1, 0, 0, 0, 0, 0
1, 0, 0, 1, 0, 0, 0, 0, 0
3, 0, 0, 2, 0, 0, 0, 0, 0
5, 0, 0, 1, 0, 0, 0, 0, 0
1, 2, 0, 0, 0, 0, 1, 0, 0
3, 0, 0, 0, 0, 0, 0, 0, 0
5, 0, 0, 0, 0, 0, 0, 0, 0
1, 1, 0, 0, 0, 0, 0, 0, 0
3, 0, 0, 0, 0, 0, 0, 0, 0
5, 0, 0, 0, 0, 0, 0, 0, 0
1, 0, 0, 0, 0, 0, 1, 0, 0
3, 0, 0, 0, 0, 0, 0, 0, 0
5, 0, 0, 0, 0, 0, 0, 0, 0
1, 0, 0, 0, 0, 0, 0, 0, 0
3, 0, 0, 1, 0, 0, 0, 0, 0
5, 0, 0, 1, 0, 0, 0, 0, 0
1, 1, 0, 0, 0, 1, 0, 0, 0
3, 0, 0, 0, 0, 0, 0, 0, 0
5, 0, 0, 0, 0, 0, 0, 0, 0
1, 0, 0, 0, 0, 0, 0, 0, 0
3, 0, 0, 1, 0, 0, 0, 0, 0
5, 0, 0, 0, 0, 0, 0, 0, 0
1, 1, 0, 0, 0, 0, 0, 0, 0
3, 0, 0, 0, 0, 0, 0, 0, 0
5, 0, 0, 0, 0, 0, 0, 0, 0
1, 0, 2, 0, 0, 0, 0, 0, 0
3, 0, 0, 0, 0, 0, 0, 0, 0
5, 0, 0, 0, 0, 0, 0, 0, 0
1, 0, 1, 0, 0, 0, 0, 0, 0
3, 0, 0, 0, 0, 0, 0, 0, 0
5, 0, 0, 1, 0, 0, 0, 0, 0
1, 0, 4, 0, 0, 0, 0, 0, 0
3, 0, 0, 0, 0, 0, 0, 0, 0
5, 0, 0, 0, 0, 0, 0, 0, 0
1, 0, 0, 0, 0, 0, 0, 0, 0
3, 0, 1, 0, 0, 0, 0, 0, 0
5, 1, 0, 0, 0, 0, 0, 0, 0
1, 0, 2, 0, 0, 2, 0, 0, 0
3, 0, 0, 0, 0, 0, 0, 0, 0
5, 0, 0, 0, 0, 0, 0, 0, 0
1, 0, 0, 0, 0, 0, 0, 0, 0
3, 0, 0, 0, 0, 0, 0, 0, 0
5, 0, 0, 0, 0, 0, 0, 0, 0
1, 0, 0, 0, 0, 0, 0, 0, 0
3, 0, 0, 0, 0, 0, 0, 0, 0
5, 0, 1, 0, 0, 0, 0, 0, 0
1, 0, 0, 0, 0, 0, 0, 0, 0
3, 0, 0, 0, 0, 0, 0, 0, 0
5, 0, 0, 0, 0, 0, 0, 0, 0
1, 1, 2, 0, 0, 0, 0, 0, 0
3, 0, 0, 0, 0, 0, 0, 0, 0
5, 0, 0, 0, 0, 0, 0, 0, 0
1, 0, 0, 0, 0, 1, 0, 0, 0
3, 0, 0, 0, 0, 0, 0, 0, 0
5, 0, 0, 0, 0, 0, 0, 0, 0
1, 0, 0, 0, 0, 0, 0, 0, 0
3, 0, 0, 0, 0, 0, 0, 0, 0
5, 0, 0, 0, 0, 0, 0, 0, 0
1, 0, 0, 0, 0, 0, 0, 0, 0
3, 0, 0, 0, 0, 0, 0, 0, 0
5, 0, 0, 1, 0, 0, 0, 0, 0
1, 0, 0, 0, 0, 0, 0, 0, 0
3, 0, 0, 0, 0, 0, 0, 0, 0
5, 0, 0, 0, 0, 0, 0, 0, 0
1, 3, 1, 0, 0, 2, 0, 0, 0
3, 0, 0, 0, 0, 0, 0, 0, 0
5, 0, 0, 0, 0, 0, 0, 0, 0
1, 0, 0, 0, 0, 0, 0, 0, 0
3, 0, 0, 1, 0, 0, 0, 0, 0
5, 0, 0, 1, 0, 0, 0, 0, 0
1, 1, 0, 1, 0, 3, 2, 0, 0
3, 0, 0, 0, 0, 0, 0, 0, 0
5, 0, 0, 0, 0, 0, 0, 0, 0
1, 0, 0, 0, 0, 0, 0, 0, 0
3, 0, 0, 0, 0, 0, 0, 0, 0
5, 0, 0, 1, 0, 0, 0, 0, 0
1, 0, 1, 1, 0, 0, 0, 0, 0
3, 0, 0, 0, 0, 0, 0, 0, 0
5, 0, 0, 0, 0, 0, 0, 0, 0
1, 1, 0, 0, 0, 0, 0, 0, 0
3, 0, 0, 0, 0, 0, 0, 0, 0
5, 0, 0, 0, 0, 0, 0, 0, 0
1, 1, 0, 0, 0, 0, 0, 0, 0
3, 0, 0, 0, 0, 0, 0, 0, 0
5, 0, 0, 0, 0, 0, 0, 0, 0
1, 1, 2, 0, 0, 0, 0, 0, 0
3, 1, 0, 1, 0, 0, 0, 0, 0
5, 1, 0, 1, 0, 0, 0, 0, 0
1, 1, 0, 1, 0, 0, 0, 0, 0
3, 0, 0, 1, 0, 0, 0, 0, 0
5, 0, 0, 0, 0, 0, 0, 0, 0
1, 0, 1, 0, 0, 1, 1, 0, 0
3, 0, 0, 0, 0, 0, 0, 0, 0
5, 0, 0, 0, 0, 0, 0, 0, 0
1, 0, 1, 0, 0, 0, 0, 0, 0
3, 0, 0, 0, 0, 0, 0, 0, 0
5, 0, 0, 0, 0, 0, 0, 0, 0
1, 0, 0, 0, 0, 0, 0, 0, 0
3, 0, 0, 0, 0, 0, 0, 0, 0
5, 0, 0, 0, 1, 0, 0, 0, 0
1, 0, 0, 0, 0, 0, 0, 0, 0
3, 0, 0, 0, 0, 0, 0, 0, 0
5, 0, 0, 0, 0, 0, 0, 0, 0
1, 0, 0, 0, 0, 0, 0, 0, 0
3, 0, 0, 0, 0, 0, 0, 0, 0
5, 0, 0, 1, 1, 0, 0, 0, 0
1, 0, 0, 1, 0, 0, 0, 0, 0
3, 0, 0, 0, 0, 0, 0, 0, 0
5, 0, 0, 0, 0, 0, 0, 0, 0
1, 0, 1, 0, 0, 0, 0, 0, 0
3, 0, 0, 0, 0, 0, 0, 0, 0
5, 0, 0, 0, 0, 0, 0, 0, 0
1, 0, 0, 0, 0, 0, 1, 0, 0
3, 0, 0, 0, 0, 0, 0, 0, 0
5, 0, 0, 0, 0, 0, 0, 0, 0
1, 0, 0, 0, 0, 0, 0, 0, 0
3, 0, 0, 0, 0, 0, 0, 0, 0
5, 0, 0, 0, 0, 0, 0, 0, 0
1, 0, 0, 0, 0, 0, 1, 0, 0
3, 0, 0, 1, 0, 0, 0, 0, 0
5, 0, 0, 1, 0, 0, 0, 0, 0
1, 0, 0, 1, 0, 1, 0, 0, 0
3, 0, 0, 1, 0, 0, 0, 0, 0
5, 0, 0, 0, 0, 0, 0, 0, 0
1, 0, 1, 0, 0, 0, 0, 0, 0
3, 0, 0, 1, 0, 0, 0, 0, 0
5, 0, 0, 0, 0, 0, 0, 0, 0
1, 0, 0, 0, 0, 0, 0, 0, 0
3, 0, 0, 0, 0, 0, 0, 0, 0
5, 0, 0, 0, 0, 0, 0, 0, 0
1, 2, 0, 0, 0, 0, 0, 0, 0
3, 0, 0, 0, 0, 0, 0, 0, 0
5, 0, 0, 0, 0, 0, 0, 0, 0
1, 0, 1, 0, 0, 0, 0, 0, 0
3, 0, 0, 0, 0, 0, 0, 0, 0
5, 0, 0, 0, 0, 0, 0, 0, 0
1, 0, 0, 0, 0, 0, 1, 0, 0
3, 0, 0, 0, 0, 0, 0, 0, 0
5, 0, 0, 0, 0, 0, 0, 0, 0
1, 0, 0, 0, 0, 0, 1, 0, 0
3, 1, 0, 0, 0, 0, 0, 0, 0
5, 0, 0, 0, 0, 0, 0, 0, 0
1, 0, 0, 0, 0, 0, 0, 0, 0
3, 0, 0, 0, 0, 0, 0, 0, 0
5, 0, 1, 0, 0, 0, 0, 0, 0
1, 0, 0, 0, 0, 0, 0, 0, 0
3, 0, 0, 0, 0, 0, 0, 0, 0
5, 0, 1, 0, 0, 0, 0, 0, 0
1, 0, 0, 1, 0, 0, 0, 0, 0
3, 0, 0, 0, 0, 0, 0, 0, 0
5, 0, 0, 1, 0, 0, 0, 0, 0
1, 0, 0, 0, 1, 0, 0, 0, 0
3, 1, 2, 0, 0, 0, 0, 0, 0
5, 1, 0, 0, 0, 0, 0, 0, 0
1, 2, 2, 0, 0, 0, 0, 0, 0
3, 0, 0, 0, 1, 0, 0, 0, 0
5, 0, 0, 0, 0, 0, 0, 0, 0
1, 0, 0, 0, 0, 0, 0, 0, 0
3, 0, 0, 0, 0, 0, 0, 0, 0
5, 0, 0, 0, 0, 0, 0, 0, 0
1, 1, 0, 0, 0, 0, 0, 0, 0
3, 0, 0, 0, 0, 0, 0, 0, 0
5, 0, 1, 0, 0, 0, 0, 0, 0
1, 0, 0, 0, 0, 0, 0, 0, 0
3, 0, 0, 1, 0, 0, 0, 0, 0
5, 0, 0, 1, 0, 0, 0, 0, 0
1, 0, 0, 0, 0, 1, 0, 0, 0
3, 0, 0, 0, 0, 0, 0, 0, 0
5, 0, 0, 0, 0, 0, 0, 0, 0
1, 4, 2, 0, 0, 0, 1, 0, 0
3, 0, 0, 0, 0, 0, 0, 0, 0
5, 0, 0, 0, 0, 0, 0, 0, 0
1, 0, 0, 0, 0, 0, 0, 0, 0
3, 0, 0, 1, 0, 0, 0, 0, 0
5, 0, 0, 0, 0, 0, 0, 0, 0
1, 0, 0, 0, 0, 0, 0, 0, 0
3, 1, 0, 0, 0, 0, 0, 0, 0
5, 0, 0, 0, 0, 0, 0, 0, 0
1, 0, 1, 0, 0, 0, 0, 0, 0
3, 1, 0, 0, 0, 0, 0, 0, 0
5, 0, 0, 0, 0, 0, 0, 0, 0
1, 0, 2, 0, 0, 0, 0, 0, 0
3, 0, 0, 0, 0, 0, 0, 0, 0
5, 0, 0, 0, 0, 0, 0, 0, 0
1, 0, 0, 0, 0, 0, 0, 0, 0
3, 0, 0, 0, 0, 0, 0, 0, 0
5, 0, 0, 0, 0, 0, 0, 0, 0
1, 0, 0, 0, 0, 0, 0, 0, 0
3, 0, 0, 0, 0, 0, 0, 0, 0
5, 0, 0, 0, 0, 0, 0, 0, 0
1, 0, 0, 0, 0, 0, 0, 0, 0
3, 0, 0, 1, 0, 0, 0, 0, 0
5, 0, 0, 1, 0, 0, 0, 0, 0
1, 0, 0, 1, 0, 0, 0, 0, 0
3, 0, 0, 0, 0, 0, 0, 0, 0
5, 0, 0, 0, 0, 0, 0, 0, 0
1, 0, 0, 0, 0, 0, 2, 0, 0
3, 0, 0, 0, 0, 0, 0, 0, 0
5, 0, 0, 0, 0, 0, 0, 0, 0
1, 0, 3, 0, 0, 0, 1, 0, 0
3, 0, 0, 0, 0, 0, 0, 0, 0
5, 0, 0, 1, 0, 0, 0, 0, 0
1, 1, 1, 0, 0, 0, 0, 0, 0
3, 0, 0, 0, 0, 0, 0, 0, 0
5, 0, 0, 0, 0, 0, 0, 0, 0
1, 2, 0, 0, 0, 0, 0, 0, 0
3, 0, 0, 0, 0, 0, 0, 0, 0
5, 0, 0, 0, 0, 0, 0, 0, 0
1, 2, 1, 0, 1, 0, 0, 0, 0
3, 0, 0, 0, 0, 0, 0, 0, 0
5, 0, 0, 0, 0, 0, 0, 0, 0
1, 0, 0, 0, 0, 0, 0, 0, 0
3, 0, 0, 0, 0, 0, 0, 0, 0
5, 0, 0, 0, 0, 0, 0, 0, 0
1, 2, 1, 0, 0, 0, 0, 0, 0
3, 0, 0, 1, 0, 0, 0, 0, 0
5, 0, 0, 1, 0, 0, 0, 0, 0
1, 1, 0, 1, 0, 0, 0, 0, 0
3, 0, 0, 0, 0, 0, 0, 0, 0
5, 0, 1, 0, 0, 0, 0, 0, 0
1, 1, 0, 0, 0, 0, 0, 0, 0
3, 0, 0, 0, 0, 0, 0, 0, 0
5, 0, 0, 1, 0, 0, 0, 0, 0
1, 2, 0, 1, 0, 0, 3, 0, 0
3, 0, 0, 2, 0, 0, 0, 0, 0
5, 0, 0, 2, 0, 0, 0, 0, 0
1, 0, 1, 1, 0, 0, 0, 0, 0
3, 0, 0, 1, 0, 0, 0, 0, 0
5, 0, 0, 0, 0, 0, 0, 0, 0
1, 2, 5, 0, 0, 0, 0, 0, 0
3, 0, 0, 0, 0, 0, 0, 0, 0
5, 0, 0, 0, 0, 0, 0, 0, 0
1, 0, 0, 0, 0, 0, 0, 0, 0
3, 0, 0, 0, 0, 0, 0, 0, 0
5, 0, 0, 0, 0, 0, 0, 0, 0
1, 2, 0, 0, 0, 0, 2, 0, 0
3, 0, 0, 0, 0, 0, 0, 0, 0
5, 0, 0, 1, 0, 0, 0, 0, 0
1, 1, 2, 0, 0, 0, 0, 0, 0
3, 0, 0, 1, 0, 0, 0, 0, 0
5, 0, 0, 0, 0, 0, 0, 0, 0
1, 0, 0, 0, 0, 0, 0, 0, 0
3, 0, 0, 0, 0, 0, 0, 0, 0
5, 0, 0, 0, 0, 0, 0, 0, 0
1, 0, 0, 0, 0, 0, 0, 0, 0
3, 0, 0, 1, 0, 0, 0, 0, 0
5, 0, 0, 1, 0, 0, 0, 0, 0
1, 0, 1, 0, 0, 0, 0, 0, 0
3, 1, 0, 0, 0, 0, 0, 0, 0
5, 1, 0, 0, 0, 0, 0, 0, 0
1, 0, 0, 0, 0, 1, 0, 0, 0
3, 0, 0, 2, 1, 0, 0, 0, 0
5, 0, 0, 0, 0, 0, 0, 0, 0
1, 0, 1, 0, 0, 0, 0, 0, 0
3, 0, 0, 0, 0, 0, 0, 0, 0
5, 0, 0, 0, 0, 0, 0, 0, 0
1, 0, 0, 0, 0, 0, 0, 0, 0
3, 0, 0, 0, 0, 0, 0, 0, 0
5, 0, 0, 0, 0, 0, 0, 0, 0
1, 0, 0, 0, 0, 0, 0, 0, 0
3, 0, 0, 0, 0, 0, 0, 0, 0
5, 0, 0, 0, 0, 0, 0, 0, 0
1, 0, 0, 0, 0, 0, 0, 0, 0
3, 0, 0, 0, 0, 0, 0, 0, 0
5, 0, 0, 0, 0, 0, 0, 0, 0
1, 0, 1, 0, 0, 1, 1, 0, 0
3, 0, 0, 0, 0, 0, 0, 0, 0
5, 1, 0, 0, 1, 0, 0, 0, 0
1, 1, 0, 0, 0, 0, 0, 0, 0
3, 0, 0, 0, 0, 0, 0, 0, 0
5, 0, 0, 0, 0, 0, 0, 0, 0
1, 0, 0, 0, 0, 0, 0, 0, 0
3, 0, 0, 0, 1, 0, 0, 0, 0
5, 0, 1, 0, 0, 0, 0, 0, 0
1, 1, 0, 0, 0, 0, 1, 0, 0
3, 0, 0, 1, 0, 0, 0, 0, 0
5, 0, 0, 0, 0, 0, 0, 0, 0
1, 0, 0, 0, 0, 1, 0, 0, 0
3, 0, 0, 0, 0, 0, 0, 0, 0
5, 0, 0, 0, 0, 0, 0, 0, 0
1, 2, 0, 0, 0, 0, 0, 0, 0
3, 0, 0, 0, 0, 0, 0, 0, 0
5, 0, 0, 0, 0, 0, 0, 0, 0
1, 0, 0, 0, 0, 0, 1, 0, 0
3, 0, 0, 0, 0, 0, 0, 0, 0
5, 0, 0, 0, 0, 0, 0, 0, 0
1, 0, 0, 0, 0, 0, 1, 0, 0
3, 0, 0, 0, 0, 0, 0, 0, 0
5, 0, 0, 0, 0, 0, 0, 0, 0
1, 0, 0, 0, 0, 0, 0, 0, 0
3, 1, 0, 0, 0, 0, 0, 0, 0
5, 0, 0, 0, 0, 0, 0, 0, 0
1, 2, 1, 0, 0, 0, 1, 0, 0
3, 0, 1, 1, 0, 0, 0, 0, 0
5, 0, 0, 1, 0, 0, 0, 0, 0
1, 0, 0, 1, 0, 0, 0, 0, 0
3, 0, 0, 0, 0, 0, 0, 0, 0
5, 0, 0, 0, 0, 0, 0, 0, 0
1, 0, 0, 0, 0, 1, 0, 0, 0
3, 0, 0, 2, 1, 0, 0, 0, 0
5, 0, 0, 0, 0, 0, 0, 0, 0
1, 1, 0, 0, 0, 0, 1, 0, 0
3, 0, 0, 0, 0, 0, 0, 0, 0
5, 0, 0, 1, 0, 0, 0, 0, 0
1, 0, 3, 0, 0, 0, 0, 0, 0
3, 0, 0, 1, 0, 0, 0, 0, 0
5, 0, 0, 1, 0, 0, 0, 0, 0
1, 1, 0, 1, 0, 0, 0, 0, 0
3, 0, 0, 0, 0, 0, 0, 0, 0
5, 0, 0, 0, 0, 0, 0, 0, 0
1, 0, 0, 0, 0, 0, 0, 0, 0
3, 0, 0, 0, 0, 0, 0, 0, 0
5, 0, 0, 0, 0, 0, 0, 0, 0
1, 0, 1, 0, 0, 0, 0, 0, 0
3, 0, 0, 0, 0, 0, 0, 0, 0
5, 0, 0, 0, 0, 0, 0, 0, 0
1, 0, 0, 0, 0, 0, 1, 0, 0
3, 0, 0, 0, 0, 0, 0, 0, 0
5, 0, 0, 0, 0, 0, 0, 0, 0
1, 0, 1, 1, 0, 0, 0, 0, 0
3, 0, 0, 0, 0, 0, 0, 0, 0
5, 0, 0, 0, 0, 0, 0, 0, 0
1, 0, 1, 0, 0, 0, 0, 0, 0
3, 0, 0, 0, 0, 0, 0, 0, 0
5, 0, 0, 0, 0, 0, 0, 0, 0
1, 0, 0, 0, 0, 0, 1, 0, 0
3, 0, 0, 0, 0, 0, 0, 0, 0
5, 0, 0, 0, 0, 0, 0, 0, 0
1, 1, 0, 0, 0, 0, 0, 0, 0
3, 0, 0, 1, 0, 0, 0, 0, 0
5, 0, 0, 0, 0, 0, 0, 0, 0
1, 0, 0, 1, 0, 0, 0, 0, 0
3, 0, 0, 0, 0, 0, 0, 0, 0
5, 0, 0, 0, 0, 0, 0, 0, 0
1, 0, 0, 0, 0, 0, 1, 0, 0
3, 0, 0, 0, 0, 0, 0, 0, 0
5, 0, 0, 0, 0, 0, 0, 0, 0
1, 0, 0, 0, 0, 0, 0, 0, 0
3, 0, 0, 0, 0, 0, 0, 0, 0
5, 0, 0, 0, 0, 0, 0, 0, 0
1, 0, 0, 0, 0, 0, 0, 0, 0
3, 0, 0, 0, 0, 0, 0, 0, 0
5, 0, 0, 0, 0, 0, 0, 0, 0
1, 0, 0, 1, 0, 0, 0, 0, 0
3, 0, 0, 0, 0, 0, 0, 0, 0
5, 0, 0, 0, 0, 0, 0, 0, 0
1, 1, 0, 0, 0, 3, 2, 0, 0
3, 0, 0, 0, 0, 0, 0, 0, 0
5, 0, 0, 0, 0, 0, 0, 0, 0
1, 0, 1, 0, 0, 0, 0, 0, 0
3, 0, 1, 0, 0, 0, 0, 0, 0
5, 0, 1, 0, 0, 0, 0, 0, 0
1, 0, 0, 0, 0, 0, 0, 0, 0
3, 0, 0, 0, 0, 0, 0, 0, 0
5, 0, 0, 0, 0, 0, 0, 0, 0
1, 0, 0, 0, 0, 0, 0, 0, 0
3, 0, 0, 0, 0, 0, 0, 0, 0
5, 0, 1, 0, 0, 0, 0, 0, 0
1, 0, 0, 0, 0, 0, 1, 0, 0
3, 0, 0, 0, 0, 0, 0, 0, 0
5, 0, 0, 0, 0, 0, 0, 0, 0
1, 0, 0, 0, 0, 0, 0, 0, 0
3, 0, 0, 0, 0, 0, 0, 0, 0
5, 0, 0, 1, 0, 0, 0, 0, 0
1, 0, 0, 0, 0, 2, 1, 0, 0
3, 0, 0, 0, 0, 0, 0, 0, 0
5, 0, 1, 0, 0, 0, 0, 0, 0
1, 0, 0, 0, 0, 0, 0, 0, 0
3, 0, 0, 0, 0, 0, 0, 0, 0
5, 0, 0, 0, 1, 0, 0, 0, 0
1, 0, 1, 0, 0, 0, 0, 0, 0
3, 0, 0, 0, 0, 0, 0, 0, 0
5, 0, 0, 1, 0, 0, 0, 0, 0
1, 2, 1, 0, 0, 0, 0, 0, 0
3, 0, 0, 0, 0, 0, 0, 0, 0
5, 0, 0, 0, 0, 0, 0, 0, 0
1, 0, 0, 0, 0, 0, 1, 0, 0
3, 0, 0, 3, 0, 0, 0, 0, 0
5, 0, 0, 0, 0, 0, 0, 0, 0
1, 0, 1, 0, 0, 0, 0, 0, 0
3, 0, 0, 0, 0, 0, 0, 0, 0
5, 0, 0, 0, 0, 0, 0, 0, 0
1, 0, 1, 0, 0, 0, 0, 0, 0
3, 1, 0, 1, 0, 0, 0, 0, 0
5, 1, 0, 1, 0, 0, 0, 0, 0
1, 0, 0, 0, 0, 0, 0, 0, 0
3, 0, 0, 0, 0, 0, 0, 0, 0
5, 0, 0, 0, 0, 0, 0, 0, 0
1, 1, 2, 0, 0, 0, 0, 0, 0
3, 0, 1, 0, 2, 0, 0, 0, 0
5, 0, 0, 0, 0, 0, 0, 0, 0
1, 3, 2, 0, 0, 1, 3, 0, 0
3, 0, 0, 0, 0, 0, 0, 0, 0
5, 0, 0, 0, 0, 0, 0, 0, 0
1, 0, 0, 0, 0, 0, 0, 0, 0
3, 0, 0, 0, 0, 0, 0, 0, 0
5, 0, 0, 0, 0, 0, 0, 0, 0
1, 0, 0, 0, 0, 0, 1, 0, 0
3, 0, 0, 0, 0, 0, 0, 0, 0
5, 0, 0, 0, 0, 0, 0, 0, 0
1, 3, 0, 0, 0, 0, 2, 0, 0
3, 0, 0, 0, 0, 0, 0, 0, 0
5, 0, 0, 0, 0, 0, 0, 0, 0
1, 3, 2, 0, 1, 0, 0, 0, 0
3, 0, 0, 0, 0, 0, 0, 0, 0
5, 0, 0, 0, 0, 0, 0, 0, 0
1, 0, 0, 0, 0, 0, 0, 0, 0
3, 0, 0, 0, 0, 0, 0, 0, 0
5, 0, 0, 0, 0, 0, 0, 0, 0
1, 0, 0, 0, 0, 0, 0, 0, 0
3, 0, 0, 1, 0, 0, 0, 0, 0
5, 0, 0, 0, 0, 0, 0, 0, 0
1, 0, 0, 0, 0, 1, 1, 0, 0
3, 0, 0, 0, 0, 0, 0, 0, 0
5, 0, 0, 0, 0, 0, 0, 0, 0
1, 1, 0, 0, 0, 0, 0, 0, 0
3, 0, 0, 0, 0, 0, 0, 0, 0
5, 0, 0, 0, 0, 0, 0, 0, 0
1, 0, 1, 0, 0, 0, 0, 0, 0
3, 0, 0, 0, 0, 0, 0, 0, 0
5, 0, 0, 0, 0, 0, 0, 0, 0
1, 0, 0, 0, 0, 0, 0, 0, 0
3, 0, 0, 0, 0, 0, 0, 0, 0
5, 0, 0, 0, 0, 0, 0, 0, 0
1, 1, 2, 0, 0, 0, 0, 0, 0
3, 0, 0, 0, 0, 0, 0, 0, 0
5, 0, 0, 0, 0, 0, 0, 0, 0
1, 1, 1, 0, 0, 0, 0, 0, 0
3, 0, 0, 0, 0, 0, 0, 0, 0
5, 0, 0, 0, 0, 0, 0, 0, 0
1, 0, 1, 0, 0, 0, 0, 0, 0
3, 0, 0, 0, 0, 0, 0, 0, 0
5, 0, 0, 0, 0, 0, 0, 0, 0
1, 2, 5, 0, 0, 0, 1, 0, 0
3, 0, 0, 0, 0, 0, 0, 0, 0
5, 0, 0, 0, 0, 0, 0, 0, 0
1, 0, 0, 0, 0, 0, 0, 0, 0
3, 0, 0, 0, 0, 0, 0, 0, 0
5, 0, 0, 0, 0, 0, 0, 0, 0
1, 0, 0, 0, 1, 0, 0, 0, 0
3, 0, 0, 0, 0, 0, 0, 0, 0
5, 0, 0, 0, 0, 0, 0, 0, 0
1, 1, 0, 0, 0, 0, 0, 0, 0
3, 0, 0, 0, 0, 0, 0, 0, 0
5, 0, 0, 0, 0, 0, 0, 0, 0
1, 1, 0, 0, 0, 0, 2, 0, 0
3, 0, 0, 0, 0, 0, 0, 0, 0
5, 0, 0, 0, 0, 0, 0, 0, 0
1, 0, 0, 0, 0, 0, 0, 0, 0
3, 0, 0, 0, 0, 0, 0, 0, 0
5, 0, 0, 0, 0, 0, 0, 0, 0
1, 0, 0, 0, 0, 0, 0, 0, 0
3, 0, 0, 0, 0, 0, 0, 0, 0
5, 0, 0, 0, 0, 0, 0, 0, 0
1, 0, 0, 0, 0, 0, 0, 0, 0
3, 0, 1, 0, 0, 0, 0, 0, 0
5, 0, 0, 0, 0, 0, 0, 0, 0
1, 2, 0, 0, 0, 0, 1, 0, 0
3, 0, 0, 0, 0, 0, 0, 0, 0
5, 0, 0, 0, 0, 0, 0, 0, 0
1, 2, 0, 0, 0, 0, 0, 0, 0
3, 0, 0, 1, 0, 0, 0, 0, 0
5, 0, 0, 0, 0, 0, 0, 0, 0
1, 0, 0, 0, 0, 0, 0, 0, 0
3, 0, 0, 1, 0, 0, 0, 0, 0
5, 0, 0, 0, 0, 0, 0, 0, 0
1, 0, 0, 0, 0, 0, 0, 0, 0
3, 0, 0, 0, 0, 0, 0, 0, 0
5, 0, 0, 0, 0, 0, 0, 0, 0
1, 0, 2, 0, 0, 0, 0, 0, 0
3, 0, 0, 0, 0, 0, 0, 0, 0
5, 0, 0, 0, 0, 0, 0, 0, 0
1, 1, 1, 0, 0, 0, 1, 0, 0
3, 0, 0, 0, 0, 0, 0, 0, 0
5, 0, 0, 0, 0, 0, 0, 0, 0
1, 0, 0, 1, 0, 0, 3, 0, 0
3, 0, 1, 1, 0, 0, 0, 0, 0
5, 1, 0, 1, 0, 0, 0, 0, 0
1, 1, 0, 0, 0, 2, 1, 0, 0
3, 0, 0, 0, 0, 0, 0, 0, 0
5, 0, 0, 0, 0, 0, 0, 0, 0
1, 0, 0, 0, 0, 0, 1, 0, 0
3, 0, 0, 0, 0, 0, 0, 0, 0
5, 0, 0, 0, 0, 0, 0, 0, 0
1, 1, 0, 0, 0, 1, 0, 0, 0
3, 0, 0, 0, 1, 0, 0, 0, 0
5, 1, 0, 0, 0, 0, 0, 0, 0
1, 0, 1, 0, 1, 1, 0, 0, 0
3, 0, 0, 0, 0, 0, 0, 0, 0
5, 0, 0, 0, 0, 0, 0, 0, 0
1, 0, 1, 0, 0, 0, 0, 0, 0
3, 0, 0, 0, 0, 0, 0, 0, 0
5, 0, 0, 0, 0, 0, 0, 0, 0
1, 2, 2, 0, 0, 0, 0, 0, 0
3, 0, 0, 0, 0, 0, 0, 0, 0
5, 0, 0, 0, 0, 0, 0, 0, 0
1, 0, 2, 0, 0, 0, 0, 0, 0
3, 0, 0, 0, 0, 0, 0, 0, 0
5, 0, 0, 0, 0, 0, 0, 0, 0
1, 0, 0, 0, 0, 0, 0, 0, 0
3, 0, 0, 0, 0, 0, 0, 0, 0
5, 0, 0, 0, 0, 0, 0, 0, 0
1, 0, 0, 0, 0, 0, 0, 0, 0
3, 0, 0, 0, 0, 0, 0, 0, 0
5, 0, 0, 0, 0, 0, 0, 0, 0
1, 0, 0, 0, 0, 0, 0, 0, 0
3, 0, 0, 0, 0, 0, 0, 0, 0
5, 0, 0, 0, 0, 0, 0, 0, 0
1, 0, 2, 0, 0, 0, 0, 0, 0
3, 0, 0, 0, 0, 0, 0, 0, 0
5, 0, 0, 0, 0, 0, 0, 0, 0
1, 0, 0, 0, 0, 0, 1, 0, 0
3, 0, 0, 1, 0, 0, 0, 0, 0
5, 0, 0, 0, 0, 0, 0, 0, 0
1, 0, 2, 0, 0, 1, 0, 0, 0
3, 0, 0, 1, 0, 0, 0, 0, 0
5, 1, 0, 0, 1, 0, 0, 0, 0
1, 0, 0, 0, 0, 0, 0, 0, 0
3, 0, 0, 0, 0, 0, 0, 0, 0
5, 0, 0, 0, 1, 0, 0, 0, 0
1, 2, 0, 0, 0, 0, 0, 0, 0
3, 0, 0, 0, 0, 0, 0, 0, 0
5, 0, 0, 0, 0, 0, 0, 0, 0
1, 2, 0, 0, 0, 0, 0, 0, 0
3, 0, 0, 1, 0, 0, 0, 0, 0
5, 0, 0, 1, 0, 0, 0, 0, 0
1, 0, 1, 0, 0, 0, 0, 0, 0
3, 0, 0, 1, 1, 0, 0, 0, 0
5, 0, 0, 2, 1, 0, 0, 0, 0
1, 2, 1, 0, 0, 1, 4, 0, 0
3, 0, 0, 1, 0, 0, 0, 0, 0
5, 0, 0, 0, 0, 0, 0, 0, 0
1, 3, 2, 0, 0, 0, 0, 0, 0
3, 0, 0, 0, 0, 0, 0, 0, 0
5, 0, 0, 0, 0, 0, 0, 0, 0
1, 1, 0, 0, 0, 0, 0, 0, 0
3, 0, 0, 0, 0, 0, 0, 0, 0
5, 0, 0, 0, 0, 0, 0, 0, 0
1, 0, 0, 0, 0, 0, 1, 0, 0
3, 0, 0, 1, 0, 0, 0, 0, 0
5, 0, 0, 0, 0, 0, 0, 0, 0
1, 0, 0, 0, 0, 0, 0, 0, 0
3, 0, 0, 0, 0, 0, 0, 0, 0
5, 0, 0, 0, 0, 0, 0, 0, 0
1, 0, 0, 0, 0, 0, 0, 0, 0
3, 0, 0, 0, 0, 0, 0, 0, 0
5, 0, 0, 0, 0, 0, 0, 0, 0
1, 0, 0, 0, 0, 0, 1, 0, 0
3, 0, 0, 0, 0, 0, 0, 0, 0
5, 0, 0, 0, 0, 0, 0, 0, 0
1, 5, 6, 1, 0, 1, 2, 0, 0
3, 0, 0, 1, 0, 0, 0, 0, 0
5, 0, 0, 0, 0, 0, 0, 0, 0
1, 0, 0, 0, 0, 0, 2, 0, 0
3, 0, 0, 1, 0, 0, 0, 0, 0
5, 0, 0, 0, 0, 0, 0, 0, 0
1, 0, 0, 0, 0, 1, 1, 0, 0
3, 0, 0, 0, 0, 0, 0, 0, 0
5, 0, 0, 0, 0, 0, 0, 0, 0
1, 1, 0, 0, 0, 1, 0, 0, 0
3, 0, 0, 0, 0, 0, 0, 0, 0
5, 0, 0, 0, 0, 0, 0, 0, 0
1, 2, 0, 0, 0, 0, 0, 0, 0
3, 0, 0, 0, 0, 0, 0, 0, 0
5, 0, 0, 0, 0, 0, 0, 0, 0
1, 0, 0, 0, 0, 0, 0, 0, 0
3, 0, 0, 0, 0, 0, 0, 0, 0
5, 0, 0, 0, 0, 0, 0, 0, 0
1, 1, 0, 0, 0, 0, 0, 0, 0
3, 0, 0, 0, 0, 0, 0, 0, 0
5, 0, 0, 0, 1, 0, 0, 0, 0
1, 0, 0, 0, 0, 0, 0, 0, 0
3, 0, 0, 1, 0, 0, 0, 0, 0
5, 0, 0, 1, 0, 0, 0, 0, 0
1, 0, 0, 0, 0, 0, 1, 0, 0
3, 0, 0, 0, 0, 0, 0, 0, 0
5, 0, 0, 0, 0, 0, 0, 0, 0
1, 0, 0, 0, 0, 0, 0, 0, 0
3, 0, 0, 0, 0, 0, 0, 0, 0
5, 0, 0, 0, 0, 0, 0, 0, 0
1, 0, 0, 0, 0, 0, 0, 0, 0
3, 0, 0, 0, 0, 0, 0, 0, 0
5, 0, 0, 0, 0, 0, 0, 0, 0
1, 0, 0, 0, 0, 1, 0, 0, 0
3, 0, 0, 0, 0, 0, 0, 0, 0
5, 0, 0, 0, 0, 0, 0, 0, 0
1, 0, 0, 0, 0, 0, 0, 0, 0
3, 0, 0, 0, 0, 0, 0, 0, 0
5, 0, 0, 0, 0, 0, 0, 0, 0
1, 0, 0, 0, 0, 0, 0, 0, 0
3, 0, 0, 0, 0, 0, 0, 0, 0
5, 0, 0, 0, 0, 0, 0, 0, 0
1, 0, 0, 0, 0, 0, 0, 0, 0
3, 0, 0, 0, 0, 0, 0, 0, 0
5, 0, 0, 0, 0, 0, 0, 0, 0
1, 0, 0, 0, 0, 0, 1, 0, 0
3, 0, 0, 0, 1, 0, 0, 0, 0
5, 0, 0, 0, 0, 0, 0, 0, 0
1, 0, 0, 0, 0, 0, 0, 0, 0
3, 0, 0, 0, 1, 0, 0, 0, 0
5, 0, 0, 0, 0, 0, 0, 0, 0
1, 0, 0, 0, 0, 0, 0, 0, 0
3, 0, 0, 0, 1, 0, 0, 0, 0
5, 0, 0, 0, 0, 0, 0, 0, 0
1, 0, 0, 0, 0, 0, 0, 0, 0
3, 0, 0, 0, 1, 0, 0, 0, 0
5, 0, 0, 0, 0, 0, 0, 0, 0
1, 0, 0, 0, 0, 0, 0, 0, 0
3, 0, 0, 0, 1, 0, 0, 0, 0
5, 0, 0, 0, 0, 0, 0, 0, 0
1, 0, 0, 0, 0, 0, 0, 0, 0
3, 0, 0, 0, 1, 0, 0, 0, 0
5, 0, 0, 0, 0, 0, 0, 0, 0
1, 0, 0, 0, 0, 0, 0, 0, 0
3, 0, 0, 0, 1, 0, 0, 0, 0
5, 0, 0, 0, 0, 0, 0, 0, 0
1, 0, 0, 0, 0, 0, 0, 0, 0
3, 0, 0, 0, 1, 0, 0, 0, 0
5, 0, 0, 0, 0, 0, 0, 0, 0
1, 0, 0, 0, 0, 0, 0, 0, 0
